{"name":"makeovermonday_2018w7-the-winter-olympics","title":"2018/W7: The Winter Olympics","description":"Winter Olympics Medals by Year, Country, Event and Gender\n\n# **Original Visualization**\n![The Winter Olympics.png](https://media.data.world/6BToE9TgauNf6eJC3vrw_The%20Winter%20Olympics.png)\n\nINTERACTIVE VERSION:\n [Tableau Public](https://public.tableau.com/views/TheWinterOlympics/TheWinterOlympics?:embed=y&:showVizHome=no)\n\nDESIGNED BY: [Rody Zakovich](https://twitter.com/RodyZakovich)\n\n# **About this Dataset**\nSOURCE: [Sports-Reference.com](http://Sports-Reference.com)\n\n# **Objectives**\n\n* What works and what doesn't work with this chart? \n* How can you make it better? \n* Post your alternative on the discussions page.","homepage":"https://data.world/makeovermonday/2018w7-the-winter-olympics","resources":[{"name":"data","schema":{"fields":[{"name":"year","title":"Year","type":"gyear","rdfType":"http://www.w3.org/2001/XMLSchema#gYear"},{"name":"sport","title":"Sport","type":"string","rdfType":"http://www.w3.org/2001/XMLSchema#string"},{"name":"event","title":"Event","type":"string","rdfType":"http://www.w3.org/2001/XMLSchema#string"},{"name":"country","title":"Country","type":"string","rdfType":"http://www.w3.org/2001/XMLSchema#string"},{"name":"gender","title":"Gender","type":"string","rdfType":"http://www.w3.org/2001/XMLSchema#string"},{"name":"medal_rank","title":"Medal Rank","type":"integer","rdfType":"http://www.w3.org/2001/XMLSchema#integer"},{"name":"medal","title":"Medal","type":"string","rdfType":"http://www.w3.org/2001/XMLSchema#string"},{"name":"name_of_athlete_or_team","title":"Name of Athlete or Team","type":"string","rdfType":"http://www.w3.org/2001/XMLSchema#string"},{"name":"age_of_athlete","title":"Age of Athlete","type":"integer","rdfType":"http://www.w3.org/2001/XMLSchema#integer"}]},"path":"data/data.csv","format":"csv"},{"name":"ranks","schema":{"fields":[{"name":"country","title":"Country","type":"string","rdfType":"http://www.w3.org/2001/XMLSchema#string"},{"name":"rank_asc","title":"Rank asc","type":"integer","rdfType":"http://www.w3.org/2001/XMLSchema#integer"},{"name":"rank_desc","title":"Rank desc","type":"integer","rdfType":"http://www.w3.org/2001/XMLSchema#integer"}]},"path":"data/ranks.csv","format":"csv"},{"name":"sources","schema":{"fields":[{"name":"sources","title":"Sources","type":"string","rdfType":"http://www.w3.org/2001/XMLSchema#string"}]},"path":"data/sources.csv","format":"csv"},{"name":"original/Winer Olympic Medals.xlsx","path":"original/Winer Olympic Medals.xlsx","format":"xlsx","mediatype":"application/vnd.openxmlformats-officedocument.spreadsheetml.sheet","bytes":148714}],"keywords":["winter olympics","rody zakovich","sports","demographics","country"]}